index,id,description,dialogue
0,1,Price inquiry,"Customer: Excuse me, could you tell me the price of the apples per pound? Cashier: Certainly! The price for the apples is $1.99 per pound."
1,2,Product availability,"Cashier: Good afternoon! How can I assist you today? Customer: Hi, do you have any gluten-free bread in stock? Cashier: Yes, we do. It's located in aisle 6, right next to the organic section."
2,3,Coupon usage,"Customer: I have this coupon for 20% off. Can I use it on this purchase? Cashier: Of course! Let me scan it for you. Great, your total comes to $32.50 after applying the discount."
3,4,Return policy,"Cashier: How may I help you? Customer: I bought this blender yesterday, but it's not working properly. Can I return it? Cashier: I'm sorry to hear that. Yes, you can bring it back with the receipt within 30 days for a refund or exchange."
4,5,Payment method,"Customer: Excuse me, can I pay with a credit card? Cashier: Absolutely! We accept all major credit cards. Please insert or swipe your card when you're ready."
5,6,Quantity inquiry,"Cashier: Is there anything else you need today? Customer: Yes, how many cans of soup are in a pack? Cashier: Each pack contains six cans of soup."
6,7,Special request,"Customer: Hi, can I get the bread sliced, please? Cashier: Sure! How thick would you like the slices to be?"
7,8,Discount inquiry,"Customer: Are there any discounts available for senior citizens? Cashier: Yes, we offer a 10% discount for customers aged 60 and above. Just show your ID at the checkout."
8,9,Price check,"Cashier: Is there anything else I can help you with? Customer: Yes, can you check the price of the shampoo for me? Cashier: Certainly! The shampoo is priced at $4.99."
9,10,Bagging assistance,Customer: I have a lot of items. Could you please help me bag them? Cashier: Of course! I'll be happy to assist you with bagging your groceries.
10,11,Produce origin,"Customer: Are these tomatoes locally grown? Cashier: Yes, our tomatoes are sourced from local farms in the nearby region."
11,12,Missing item,"Cashier: Did you find everything you were looking for? Customer: Actually, I couldn't find the almond milk. Cashier: I apologize for the inconvenience. Let me check if we have any in the back."
12,13,Expiration date,"Customer: Can you please check the expiration date on this yogurt? Cashier: Sure, let me take a look. The yogurt expires in two weeks."
13,14,Store hours,Customer: What time do you close today? Cashier: We close at 9:00 PM. You still have a couple of hours to shop.
14,15,Price match,"Cashier: Is there anything else I can assist you with? Customer: I found this item cheaper at another store. Can you price match? Cashier: Certainly! Please show me the ad, and we'll match the price for you."
15,16,Out of stock,"Customer: Do you have any more avocados? Cashier: I'm sorry, but we are currently out of stock. We'll restock them tomorrow."
16,17,Bulk purchase,"Cashier: Wow, that's a lot of toilet paper! Are you stocking up? Customer: Yes, I like to buy in bulk to save money and reduce frequent trips to the store."
17,18,Membership program,Customer: I heard you have a membership program. How does it work? Cashier: Our membership program offers exclusive discounts and rewards. You earn points for every purchase and receive special offers.
18,19,Substitute product,"Cashier: Unfortunately, we're out of the brand of pasta you wanted. Can I suggest an alternative? Customer: Sure, what would you recommend?"
19,20,Price adjustment,Customer: I just noticed that this item rang up at a higher price. Can you adjust it? Cashier: I apologize for the error. Let me correct that for you.
20,21,Allergen information,"Customer: Can you tell me if this product contains any peanuts? Cashier: Let me check the label for you. No, this product is peanut-free."
21,22,Special dietary needs,"Cashier: Good morning! Do you have any specific dietary restrictions or preferences we should be aware of? Customer: Yes, I'm vegan, so I avoid all animal products."
22,23,Lost loyalty card,Customer: I seem to have misplaced my loyalty card. Can I still get the discounts? Cashier: No worries! I can look it up using your phone number or email associated with the account.
23,24,Assistance with heavy items,"Cashier: You have some heavy items there. Would you like assistance in carrying them to your vehicle? Customer: Yes, that would be greatly appreciated!"
24,25,Product recommendation,Customer: I'm looking for a good red wine to pair with steak. Any recommendations? Cashier: How about trying our Cabernet Sauvignon? It complements red meat dishes quite well.
25,26,Price comparison,"Cashier: Can I help you find anything? Customer: Yes, I'm trying to decide between two brands of cereal. Can you tell me the price difference? Cashier: The first brand is $3.99, and the second brand is $2.99."
26,27,Plastic bag usage,Customer: I'm trying to reduce my plastic waste. Can I have paper bags instead? Cashier: Absolutely! We offer paper bags as an eco-friendly alternative. I'll pack your groceries accordingly.
27,28,Assistance locating items,"Cashier: Welcome! How can I assist you today? Customer: I'm looking for canned chickpeas. Can you point me in the right direction? Cashier: Certainly! They're in aisle 3, next to the canned vegetables."
28,29,Sale inquiry,"Customer: I noticed there's a sale on dairy products. Can you tell me which items are included? Cashier: Sure! The sale includes milk, yogurt, cheese, and butter."
29,30,Produce freshness,"Cashier: How can I assist you? Customer: I'm looking for fresh strawberries. Can you help me choose the best ones? Cashier: Certainly! Look for strawberries that are bright red, firm, and without any signs of mold."
30,31,Bulk bin purchase,Customer: I'd like to buy some almonds. Can I get them from the bulk bin? Cashier: Absolutely! You can scoop the desired amount and we'll weigh them at the checkout.
31,32,Assistance with self-checkout,"Cashier: Do you need any help with the self-checkout machine? Customer: Yes, I'm not sure how to scan this item. Cashier: Don't worry, I'll assist you with that."
32,33,Weekly specials,"Customer: Are there any special deals or promotions this week? Cashier: Yes, we have a buy one, get one free offer on selected cereals."
33,34,Payment options,Cashier: How would you like to pay for your groceries today? Customer: Can I pay with Apple Pay? Cashier: Certainly! Please hold your phone near the card reader.
34,35,Weighted item pricing,"Customer: I have loose vegetables here. How are they priced? Cashier: We'll weigh them at the checkout, and you'll be charged based on the per-pound price."
35,36,Non-packaged item pricing,"Cashier: I see you have a bunch of bananas. They're not packaged, so we'll weigh them at the checkout. Customer: Sounds good!"
36,37,Assistance with loyalty program,"Customer: I'm interested in signing up for the store's loyalty program. Can you tell me more about it? Cashier: Certainly! With our loyalty program, you earn points for every dollar spent, and those points can be redeemed for discounts or rewards."
37,38,Out-of-stock item order,"Cashier: We're currently out of stock on the item you want, but we can place an order for you. Customer: That would be great. When can I expect it to arrive?"
38,39,Price override,Customer: I found this item on the shelf with a different price tag. Cashier: I apologize for the confusion. I'll adjust the price for you.
39,40,Reusable bag discount,"Cashier: Do you have any reusable bags with you? Customer: Yes, I have my own bags. Cashier: Great! We offer a 5 cent discount per bag used."
40,41,Bakery recommendation,Customer: I'm looking for a cake for a special occasion. Any recommendations from the bakery? Cashier: Our chocolate fudge cake is a customer favorite. Would you like me to show you?
41,42,Weight limit for produce bags,"Cashier: Please note that our produce bags have a weight limit. Customer: Oh, I didn't know that. What's the weight limit? Cashier: It's 5 pounds per bag."
42,43,Alcohol age verification,"Customer: I'd like to purchase this bottle of wine. Cashier: Sure, I'll need to see your ID to verify that you're of legal drinking age."
43,44,Donation request,"Cashier: Would you like to donate to our local food bank today? Customer: Yes, I'd be happy to contribute. Cashier: Thank you for your generosity!"
44,45,Price inquiry for sale item,"Customer: I see this item is marked as 'on sale.' Can you tell me the discounted price? Cashier: Sure! The sale price is $2.99, marked down from $4.99."
45,46,Checkout speed,"Cashier: Thank you for your patience. We strive to make the checkout process as efficient as possible. Customer: No problem, I appreciate the service."
46,47,Reusable produce bags,"Customer: Do you sell reusable produce bags? Cashier: Yes, we have a selection of reusable produce bags near the checkout area."
47,48,Price inquiry for bulk items,"Cashier: You have a few items from the bulk bins. Let me weigh them and give you the prices. Customer: Thank you, I wasn't sure how that worked."
48,49,Recipe suggestion,"Customer: I'm planning to make lasagna tonight. Do you have all the ingredients I'll need? Cashier: Yes, I can help you gather everything. Here's a recipe card with step-by-step instructions."
49,50,Assistance with self-service checkout,"Cashier: Would you like some assistance with the self-service checkout? Customer: Yes, I'm not familiar with how it works. Cashier: Don't worry, I'll guide you through the process."
50,51,Product recommendation,Customer: I'm looking for a good brand of olive oil. Any recommendations? Cashier: Our store's house brand of extra virgin olive oil is highly recommended by our customers.
51,52,Special dietary needs,"Cashier: Good morning! Do you have any specific dietary restrictions or preferences we should be aware of? Customer: Yes, I'm gluten intolerant, so I need to avoid products with gluten."
52,53,Lost loyalty card,"Customer: I seem to have misplaced my loyalty card. Can I still earn points on this purchase? Cashier: No problem! If you provide your phone number, I can look up your account and ensure you receive your points."
53,54,Assistance locating items,"Cashier: Welcome! How can I assist you today? Customer: I'm looking for quinoa. Can you please point me in the right direction? Cashier: Certainly! It's in the grains and rice aisle, near the organic section."
54,55,Sale inquiry,"Customer: Are there any special deals or promotions available today? Cashier: Yes, we have a buy one, get one free offer on select cleaning supplies."
55,56,Produce freshness,Cashier: How can I assist you? Customer: I'm looking for fresh pineapples. How can I tell if they are ripe? Cashier: Look for pineapples with a sweet aroma and slightly firm skin.
56,57,Bulk bin purchase,"Customer: Can I buy dried fruits from the bulk bins? Cashier: Absolutely! You can scoop the desired quantity, and we'll weigh them at the checkout."
57,58,Assistance with self-checkout,"Cashier: Do you need any help with the self-checkout machine? Customer: Yes, I'm not sure how to weigh the produce. Cashier: Don't worry, I'll assist you with that."
58,59,Weekly specials,"Customer: Are there any weekly specials or discounts on meat products? Cashier: Yes, we have a 20% off promotion on all fresh chicken this week."
59,60,Payment options,Cashier: How would you like to pay for your groceries today? Customer: Can I pay using mobile payment? Cashier: Certainly! Please hold your phone near the card reader.
60,61,Weighted item pricing,"Customer: I have loose vegetables here. How are they priced? Cashier: We'll weigh them at the checkout, and you'll be charged based on the per-pound price."
61,62,Non-packaged item pricing,"Cashier: I see you have loose cherries. They're not pre-packaged, so we'll weigh them at the checkout. Customer: Alright, thank you."
62,63,Assistance with loyalty program,"Customer: I'm interested in joining the store's loyalty program. Can you provide me with more information? Cashier: Certainly! With our loyalty program, you earn points for every purchase and receive exclusive discounts."
63,64,Out-of-stock item order,"Cashier: We're currently out of stock on the item you want, but we can place an order for you. Customer: That would be great. How long will it take to arrive?"
64,65,Price override,Customer: I found this item on the shelf with an incorrect price tag. Cashier: I apologize for the inconvenience. I'll adjust the price for you.
65,66,Reusable bag discount,"Cashier: Do you have any reusable bags with you? Customer: Yes, I have my own bags. Cashier: Great! We offer a discount of 5 cents per bag used."
66,67,Bakery recommendation,Customer: I'm looking for a cake for a birthday celebration. Any recommendations from the bakery? Cashier: Our strawberry shortcake is a customer favorite for birthdays. Would you like me to show you?
67,68,Weight limit for produce bags,"Cashier: Please note that our produce bags have a weight limit. Customer: Oh, I didn't know that. What's the weight limit? Cashier: It's 5 pounds per bag."
68,69,Alcohol age verification,"Customer: I'd like to purchase this bottle of wine. Cashier: Sure, I'll need to see your ID to verify that you're of legal drinking age."
69,70,Donation request,"Cashier: Would you like to make a donation to support our local food bank? Customer: Yes, I'd be happy to contribute. Cashier: Thank you for your generosity!"
70,71,Price inquiry for sale item,"Customer: I noticed this item is marked as 'on sale.' Can you tell me the discounted price? Cashier: Certainly! The sale price is $2.99, marked down from $4.99."
71,72,Checkout speed,"Cashier: Thank you for your patience. We strive to make the checkout process as efficient as possible. Customer: No problem, I appreciate the service."
72,73,Reusable produce bags,"Customer: Do you sell reusable produce bags? Cashier: Yes, we have a selection of reusable produce bags near the checkout area."
73,74,Price inquiry for bulk items,"Cashier: You have a few items from the bulk bins. Let me weigh them and give you the prices. Customer: Thank you, I wasn't sure how that worked."
74,75,Recipe suggestion,"Customer: I'm planning to make a stir-fry tonight. Can you help me find the essential ingredients? Cashier: Certainly! Here's a list of vegetables commonly used in stir-fries, along with a simple recipe."
75,76,Assistance with self-service checkout,"Cashier: Need any help with the self-service checkout? Customer: Yes, I'm not familiar with how it works. Cashier: Don't worry, I'll guide you through the process."
76,77,Product freshness,"Customer: Can you help me find the freshest fish? Cashier: Absolutely! Look for fish with clear eyes, shiny scales, and a fresh sea-like odor."
77,78,Product availability,"Cashier: Good afternoon! How can I assist you today? Customer: Hi, do you have any organic kale in stock? Cashier: Yes, we do. It's located in aisle 4, next to the leafy greens section."
78,79,Coupon usage,"Customer: I have this coupon for $5 off. Can I use it on this purchase? Cashier: I'm sorry, but this coupon is only valid for purchases over $50. Your total is $30."
79,80,Return policy,"Cashier: How may I assist you? Customer: I bought this blender last week, but it stopped working. Can I return it? Cashier: Certainly! Please bring it back with the receipt, and we'll provide a refund or exchange."
80,81,Payment method,"Customer: Excuse me, can I pay with a mobile wallet? Cashier: Absolutely! We accept various mobile payment options. Please hold your device near the card reader."
81,82,Quantity inquiry,"Cashier: Is there anything else you need today? Customer: Yes, how many rolls are in a pack of paper towels? Cashier: Each pack contains six rolls of paper towels."
82,83,Special request,"Customer: Hi, can you double bag the groceries, please? Cashier: Sure! I'll make sure to provide extra bags for added durability."
83,84,Discount inquiry,"Customer: Do you offer any discounts for military personnel? Cashier: Yes, we have a 10% discount for active duty and retired military members. Please present your ID at the checkout."
84,85,Price check,"Cashier: Is there anything else I can help you find? Customer: Yes, can you check the price of this shampoo for me? Cashier: Certainly! The shampoo is priced at $4.99."
85,86,Bagging assistance,Customer: I have a lot of items. Could you please help me bag them? Cashier: Of course! I'll be happy to assist you with bagging your groceries.
86,87,Produce origin,"Customer: Are these tomatoes locally grown? Cashier: Yes, our tomatoes are sourced from local farms in the nearby region."
87,88,Missing item,"Cashier: Did you find everything you were looking for? Customer: Actually, I couldn't find the almond milk. Cashier: I apologize for the inconvenience. Let me check if we have any in the back."
88,89,Expiration date,"Customer: Can you please check the expiration date on this yogurt? Cashier: Sure, let me take a look. The yogurt expires in two weeks."
89,90,Store hours,Customer: What time do you close today? Cashier: We close at 9:00 PM. You still have a couple of hours to shop.
90,91,Price match,"Cashier: Is there anything else I can assist you with? Customer: I found this item cheaper at another store. Can you price match? Cashier: Certainly! Please show me the ad, and we'll match the price for you."
91,92,Out of stock,"Customer: Do you have any more avocados? Cashier: I'm sorry, but we are currently out of stock. We'll restock them tomorrow."
92,93,Bulk purchase,"Cashier: Wow, that's a lot of toilet paper! Are you stocking up? Customer: Yes, I like to buy in bulk to save money and reduce frequent trips to the store."
93,94,Membership program,Customer: I heard you have a membership program. How does it work? Cashier: Our membership program offers exclusive discounts and rewards. You earn points for every purchase and receive special offers.
94,95,Substitute product,"Cashier: Unfortunately, we're out of the brand of pasta you wanted. Can I suggest an alternative? Customer: Sure, what would you recommend?"
95,96,Price adjustment,Customer: I just noticed that this item rang up at a higher price. Can you adjust it? Cashier: I apologize for the error. Let me correct that for you.
96,97,Allergen information,"Customer: Can you tell me if this product contains any peanuts? Cashier: Let me check the label for you. No, this product is peanut-free."
97,98,Special dietary needs,"Cashier: Good morning! Do you have any specific dietary restrictions or preferences we should be aware of? Customer: Yes, I'm vegan, so I avoid all animal products."
98,99,Lost loyalty card,Customer: I seem to have misplaced my loyalty card. Can I still get the discounts? Cashier: No worries! I can look it up using your phone number or email associated with the account.
99,100,Assistance with heavy items,"Cashier: You have some heavy items there. Would you like assistance in carrying them to your vehicle? Customer: Yes, that would be greatly appreciated!"
