,id,description,dialogue
0,1,Discussion about a common cold,"Patient: Doctor, I've been feeling congested and have a runny nose. What can I do to relieve these symptoms?

Doctor: It sounds like you have a common cold. You can try over-the-counter decongestants to relieve congestion and saline nasal sprays to help with the runny nose. Make sure to drink plenty of fluids and get enough rest as well."
1,2,Addressing a sore throat,"Patient: Doctor, my throat has been really sore for the past few days. What can I do to make it feel better?

Doctor: It seems like you may have a sore throat, possibly due to a viral infection. You can try gargling with warm saltwater, drinking warm liquids, and taking over-the-counter pain relievers like ibuprofen. If the pain persists or worsens, I recommend you come back for a follow-up."
2,3,Concerns about a rash,"Patient: Doctor, I've developed a red rash on my arm. It's itchy and spreading. What should I do?

Doctor: Based on your description, it may be a contact dermatitis or an allergic reaction. I recommend avoiding any potential irritants, using a mild corticosteroid cream to alleviate itching, and keeping the area clean and moisturized. If the rash persists or worsens, please schedule a follow-up appointment."
3,4,Discussion about a mild headache,"Patient: Doctor, I've been experiencing mild headaches lately. What could be causing them?

Doctor: There are various factors that can contribute to headaches, including stress, dehydration, lack of sleep, or even eye strain. I suggest maintaining a regular sleep schedule, drinking enough water, managing stress, and taking breaks if you spend long periods in front of screens. If the headaches persist or become severe, we can explore other possible causes."
4,5,Addressing seasonal allergies,"Patient: Doctor, I've been having itchy eyes, sneezing, and a runny nose. Could it be seasonal allergies?

Doctor: It's possible that you're experiencing seasonal allergies. I recommend trying over-the-counter antihistamines to alleviate the symptoms. Additionally, avoid spending too much time outdoors during peak pollen hours and keep windows closed to minimize exposure. If the symptoms persist or significantly interfere with your daily activities, we can discuss further treatment options."
5,6,Concerns about an upset stomach,"Patient: Doctor, I've been having an upset stomach and occasional indigestion. What can I do to feel better?

Doctor: Your symptoms may be related to indigestion or acid reflux. I suggest avoiding spicy and fatty foods, eating smaller meals, and avoiding lying down immediately after eating. Over-the-counter antacids can provide temporary relief. If the symptoms persist or worsen, we can explore other treatment options and consider further evaluation."
6,7,Discussion about a minor cut,"Patient: Doctor, I accidentally cut my finger while cooking. It's not bleeding heavily, but I'm concerned about infection. What should I do?

Doctor: It's important to clean the wound gently with mild soap and water, and apply an over-the-counter antibiotic ointment. Cover it with a sterile bandage to protect it from dirt and bacteria. Keep an eye out for signs of infection, such as increased pain, redness, or pus. If you notice any concerning signs, please seek medical attention."
7,8,Addressing a minor backache,"Patient: Doctor, I've been experiencing a dull ache in my lower back. It's not severe, but it's been persistent. What can I do to alleviate it?

Doctor: Lower backaches can be caused by various factors such as muscle strain or poor posture. I recommend trying gentle stretching exercises, applying a warm compress, and practicing good posture. Over-the-counter pain relievers can also help. If the pain persists or worsens, we can explore other possible causes."
8,9,Concerns about a mild cough,"Patient: Doctor, I've had this persistent cough for a week now. It's not severe, but it's not getting better. What should I do?

Doctor: A persistent cough can be caused by different factors, including respiratory infections or allergies. I suggest staying hydrated, using cough drops to soothe the throat, and trying over-the-counter cough suppressants. If the cough persists for more than two weeks or is accompanied by other worrisome symptoms, let's schedule a follow-up appointment."
9,10,Discussion about a minor burn,"Patient: Doctor, I accidentally burned my hand while cooking. It's a minor burn, but it's painful. How should I treat it?

Doctor: Start by rinsing the burn gently with cool water for about 10 minutes to cool the affected area. Apply an over-the-counter burn ointment and cover it with a sterile non-stick dressing. Take over-the-counter pain relievers if necessary. If the burn is severe, shows signs of infection, or doesn't improve within a few days, please come back for a follow-up."
10,11,Addressing occasional dizziness,"Patient: Doctor, I've been experiencing occasional dizziness, especially when I stand up quickly. Is this something to be concerned about?

Doctor: Occasional dizziness upon standing up quickly can be due to a drop in blood pressure. It's important to stand up slowly and stay hydrated. If the dizziness becomes frequent or is accompanied by other concerning symptoms, let's schedule a follow-up appointment to assess further."
11,12,Concerns about dry skin,"Patient: Doctor, I've been having dry and itchy skin, especially during the winter months. What can I do to alleviate it?

Doctor: Dry skin is common, especially in colder months. I recommend using a mild, fragrance-free moisturizer regularly, taking shorter showers with lukewarm water, and avoiding harsh soaps. Humidifiers can also help add moisture to the air in your home. If the symptoms persist or worsen, let's schedule a follow-up appointment."
12,13,Discussion about sleep difficulties,"Patient: Doctor, I've been having trouble falling asleep and staying asleep at night. What can I do to improve my sleep?

Doctor: Sleep difficulties can have various causes, such as stress or poor sleep habits. I suggest maintaining a consistent sleep schedule, creating a relaxing bedtime routine, avoiding caffeine and electronic devices before bed, and ensuring a comfortable sleep environment. If the sleep issues persist or significantly impact your daily life, we can explore further evaluation and treatment options."
13,14,Addressing occasional heartburn,"Patient: Doctor, I occasionally experience heartburn after certain meals. What can I do to prevent it?

Doctor: Occasional heartburn can be managed by avoiding trigger foods or beverages, eating smaller meals, and not lying down immediately after eating. Over-the-counter antacids can provide temporary relief. If the symptoms become more frequent or bothersome, we can discuss other treatment options and consider further evaluation."
14,15,Concerns about a minor eye irritation,"Patient: Doctor, my eye has been feeling irritated and slightly red for the past couple of days. What should I do?

Doctor: It sounds like you may have mild conjunctivitis or eye irritation. Try using over-the-counter lubricating eye drops to soothe the irritation and avoid touching or rubbing the eye. If the symptoms worsen or persist, please schedule a follow-up appointment for a more detailed examination."
15,16,Discussion about a minor ankle sprain,"Patient: Doctor, I twisted my ankle while playing sports, and it's swollen and painful. What should I do?

Doctor: It's possible that you have a minor ankle sprain. Initially, you can follow the RICE method: Rest, Ice, Compression, and Elevation. Avoid putting weight on the injured ankle and use crutches if necessary. Over-the-counter pain relievers can also help. If the pain and swelling persist or worsen, it's advisable to come in for a physical examination."
16,17,Addressing occasional muscle cramps,"Patient: Doctor, I've been experiencing occasional muscle cramps, especially after exercise. Is this something to be concerned about?

Doctor: Occasional muscle cramps can be common, especially after intense exercise. Make sure to stay well-hydrated, stretch before and after physical activity, and consider including foods rich in electrolytes in your diet. If the cramps become frequent, severe, or are accompanied by other concerning symptoms, let's schedule a follow-up appointment."
17,18,Concerns about a minor bee sting,"Patient: Doctor, I got stung by a bee, and the area is swollen and itchy. What should I do?

Doctor: For a minor bee sting, you can start by removing the stinger if it's still embedded and clean the area with soap and water. Applying a cold compress and taking over-the-counter antihistamines can help reduce swelling and relieve itching. If you experience any severe allergic reactions or the symptoms worsen, please seek immediate medical attention."
18,19,Discussion about occasional acid reflux,"Patient: Doctor, I occasionally experience acid reflux, especially after spicy meals. What can I do to manage it?

Doctor: Occasional acid reflux can be managed by avoiding trigger foods, eating smaller meals, and not lying down immediately after eating. Over-the-counter antacids or acid reducers can provide temporary relief. If the symptoms become more frequent or bothersome, we can discuss other treatment options and consider further evaluation."
19,20,Addressing occasional joint pain,"Patient: Doctor, I've been having occasional joint pain, especially in my knees and fingers. Is this something to be concerned about?

Doctor: Occasional joint pain can be common, especially with age or overuse. Trying gentle exercises, applying warm or cold compresses, and taking over-the-counter pain relievers can help alleviate the discomfort. If the pain becomes more frequent, severe, or is accompanied by other concerning symptoms, let's schedule a follow-up appointment for further evaluation."
20,21,Concerns about a minor insect bite,"Patient: Doctor, I got bitten by an insect, and the area is red and itchy. What should I do?

Doctor: For a minor insect bite, you can start by cleaning the area with soap and water. Applying a cold compress and using over-the-counter anti-itch creams or oral antihistamines can help alleviate the itching. If the bite becomes infected or you experience any severe allergic reactions, please seek immediate medical attention."
21,22,Discussion about occasional acid indigestion,"Patient: Doctor, I occasionally experience acid indigestion, especially after eating fatty foods. What can I do to manage it?

Doctor: Occasional acid indigestion can be managed by avoiding trigger foods, eating smaller meals, and not lying down immediately after eating. Over-the-counter antacids or acid reducers can provide temporary relief. If the symptoms become more frequent or bothersome, we can discuss other treatment options and consider further evaluation."
22,23,Addressing occasional muscle soreness,"Patient: Doctor, I've been experiencing occasional muscle soreness, especially after physical activity. Is this something to be concerned about?

Doctor: Occasional muscle soreness can be common, especially after intense exercise or physical activity. Make sure to warm up and stretch properly before engaging in such activities. Applying a warm compress, taking over-the-counter pain relievers, and getting adequate rest can help alleviate the soreness. If the soreness becomes persistent or severe, let's schedule a follow-up appointment."
23,24,Concerns about a minor blister,"Patient: Doctor, I have a minor blister on my foot, and it's causing discomfort. What should I do?

Doctor: For a minor blister, it's best to keep it clean and dry to prevent infection. You can apply an over-the-counter blister pad or bandage to protect it from further friction. If the blister breaks or becomes infected, seek medical attention. Avoid popping or draining it yourself, as it can increase the risk of infection."
24,25,Discussion about occasional acid stomach,"Patient: Doctor, I occasionally experience acid stomach, especially after eating spicy foods. What can I do to manage it?

Doctor: Occasional acid stomach can be managed by avoiding trigger foods, eating smaller meals, and not lying down immediately after eating. Over-the-counter antacids or acid reducers can provide temporary relief. If the symptoms become more frequent or bothersome, we can discuss other treatment options and consider further evaluation."
25,26,Addressing occasional tension headaches,"Patient: Doctor, I've been experiencing occasional tension headaches, especially after a long day at work. What can I do to alleviate them?

Doctor: Occasional tension headaches can be managed by practicing relaxation techniques, maintaining good posture, getting regular exercise, and managing stress levels. Over-the-counter pain relievers can also provide temporary relief. If the headaches become more frequent or significantly impact your daily life, we can explore other treatment options and consider further evaluation."
26,27,Concerns about a minor allergic reaction,"Patient: Doctor, I think I had a minor allergic reaction to something I ate. My lips are slightly swollen, and I have a rash. What should I do?

Doctor: For a minor allergic reaction, you can start by taking an over-the-counter antihistamine to help relieve the symptoms. If the reaction worsens or you experience difficulty breathing or other severe symptoms, seek immediate medical attention. It's also important to identify and avoid the trigger in the future."
27,28,Discussion about occasional acid regurgitation,"Patient: Doctor, I occasionally experience acid regurgitation, especially after eating large meals. What can I do to manage it?

Doctor: Occasional acid regurgitation can be managed by avoiding trigger foods, eating smaller meals, and not lying down immediately after eating. Over-the-counter antacids or acid reducers can provide temporary relief. If the symptoms become more frequent or bothersome, we can discuss other treatment options and consider further evaluation."
28,29,Addressing occasional muscle stiffness,"Patient: Doctor, I've been experiencing occasional muscle stiffness, especially after prolonged periods of inactivity. Is this something to be concerned about?

Doctor: Occasional muscle stiffness can be common, especially after prolonged periods of inactivity or sitting. It's important to engage in regular stretching exercises, maintain good posture, and take breaks to move around. Applying warm compresses and taking over-the-counter pain relievers can also help alleviate the stiffness. If the stiffness becomes persistent or significantly impacts your mobility, let's schedule a follow-up appointment."
29,30,Concerns about a minor sunburn,"Patient: Doctor, I got a minor sunburn, and my skin is red and painful. What should I do?

Doctor: For a minor sunburn, it's important to cool the affected area with cold compresses and take over-the-counter pain relievers if necessary. Applying aloe vera gel or a moisturizing lotion can also help soothe the skin. Avoid further sun exposure and protect the burned area from friction. If the sunburn is severe or shows signs of infection, please seek medical attention."
30,31,Discussion about occasional acid burps,"Patient: Doctor, I occasionally experience acid burps, especially after certain meals. What can I do to manage them?

Doctor: Occasional acid burps can be managed by avoiding trigger foods, eating smaller meals, and not lying down immediately after eating. Over-the-counter antacids or acid reducers can provide temporary relief. If the symptoms become more frequent or bothersome, we can discuss other treatment options and consider further evaluation."
31,32,Addressing occasional muscle twitches,"Patient: Doctor, I've been having occasional muscle twitches, especially in my eyelids and calves. Is this something to be concerned about?

Doctor: Occasional muscle twitches can be common and usually not a cause for concern. Ensure you're well-hydrated and manage stress levels. If the twitches become frequent, persistent, or are accompanied by other concerning symptoms, let's schedule a follow-up appointment for further evaluation."
32,33,Concerns about a minor paper cut,"Patient: Doctor, I have a minor paper cut on my finger, and it's stinging. What should I do?

Doctor: For a minor paper cut, clean the area gently with soap and water. Applying an over-the-counter antibiotic ointment and covering it with a sterile bandage can help prevent infection. If the cut becomes red, swollen, or shows signs of infection, seek medical attention. It's also important to keep the area clean and avoid further trauma."
33,34,Discussion about occasional acid belching,"Patient: Doctor, I occasionally experience acid belching, especially after certain meals. What can I do to manage it?

Doctor: Occasional acid belching can be managed by avoiding trigger foods, eating smaller meals, and not lying down immediately after eating. Over-the-counter antacids or acid reducers can provide temporary relief. If the symptoms become more frequent or bothersome, we can discuss other treatment options and consider further evaluation."
34,35,Addressing occasional muscle cramps,"Patient: Doctor, I've been experiencing occasional muscle cramps, especially after exercise. Is this something to be concerned about?

Doctor: Occasional muscle cramps can be common, especially after intense exercise. Make sure to stay well-hydrated, stretch before and after physical activity, and consider including foods rich in electrolytes in your diet. If the cramps become frequent, severe, or are accompanied by other concerning symptoms, let's schedule a follow-up appointment."
35,36,Concerns about a minor bee sting,"Patient: Doctor, I got stung by a bee, and the area is swollen and itchy. What should I do?

Doctor: For a minor bee sting, you can start by removing the stinger if it's still embedded and clean the area with soap and water. Applying a cold compress and taking over-the-counter antihistamines can help reduce swelling and relieve itching. If you experience any severe allergic reactions or the symptoms worsen, please seek immediate medical attention."
36,37,Discussion about occasional acid reflux,"Patient: Doctor, I occasionally experience acid reflux, especially after spicy meals. What can I do to prevent it?

Doctor: Occasional acid reflux can be managed by avoiding trigger foods, eating smaller meals, and not lying down immediately after eating. Over-the-counter antacids can provide temporary relief. If the symptoms become more frequent or bothersome, we can discuss other treatment options and consider further evaluation."
37,38,Addressing occasional joint pain,"Patient: Doctor, I've been having occasional joint pain, especially in my knees and fingers. Is this something to be concerned about?

Doctor: Occasional joint pain can be common, especially with age or overuse. Trying gentle exercises, applying warm or cold compresses, and taking over-the-counter pain relievers can help alleviate the discomfort. If the pain becomes more frequent, severe, or is accompanied by other concerning symptoms, let's schedule a follow-up appointment for further evaluation."
38,39,Concerns about a minor insect bite,"Patient: Doctor, I got bitten by an insect, and the area is red and itchy. What should I do?

Doctor: For a minor insect bite, you can start by cleaning the area with soap and water. Applying a cold compress and using over-the-counter anti-itch creams or oral antihistamines can help alleviate the itching. If the bite becomes infected or you experience any severe allergic reactions, please seek immediate medical attention."
39,40,Discussion about occasional acid indigestion,"Patient: Doctor, I occasionally experience acid indigestion, especially after eating fatty foods. What can I do to manage it?

Doctor: Occasional acid indigestion can be managed by avoiding trigger foods, eating smaller meals, and not lying down immediately after eating. Over-the-counter antacids can provide temporary relief. If the symptoms become more frequent or bothersome, we can discuss other treatment options and consider further evaluation."
40,41,Addressing occasional muscle soreness,"Patient: Doctor, I've been experiencing occasional muscle soreness, especially after physical activity. Is this something to be concerned about?

Doctor: Occasional muscle soreness can be common, especially after intense exercise or physical activity. Make sure to warm up and stretch properly before engaging in such activities. Applying a warm compress, taking over-the-counter pain relievers, and getting adequate rest can help alleviate the soreness. If the soreness becomes persistent or severe, let's schedule a follow-up appointment."
41,42,Concerns about a minor burn,"Patient: Doctor, I accidentally burned my hand while cooking. It's a minor burn, but it's painful. How should I treat it?

Doctor: Start by rinsing the burn gently with cool water for about 10 minutes to cool the affected area. Apply an over-the-counter burn ointment and cover it with a sterile non-stick dressing. Take over-the-counter pain relievers if necessary. If the burn is severe, shows signs of infection, or doesn't improve within a few days, please come back for a follow-up."
42,43,Discussion about occasional dizziness,"Patient: Doctor, I've been experiencing occasional dizziness, especially when I stand up quickly. Is this something to be concerned about?

Doctor: Occasional dizziness upon standing up quickly can be due to a drop in blood pressure. It's important to stand up slowly and stay hydrated. If the dizziness becomes frequent or is accompanied by other concerning symptoms, let's schedule a follow-up appointment to assess further."
43,44,Addressing a minor eye irritation,"Patient: Doctor, my eye has been feeling irritated and slightly red for the past couple of days. What should I do?

Doctor: It sounds like you may have mild conjunctivitis or eye irritation. Try using over-the-counter lubricating eye drops to soothe the irritation and avoid touching or rubbing the eye. If the symptoms worsen or persist, please schedule a follow-up appointment for a more detailed examination."
44,45,Concerns about dry skin,"Patient: Doctor, I've been having dry and itchy skin, especially during the winter months. What can I do to alleviate it?

Doctor: Dry skin is common, especially in colder months. I recommend using a mild, fragrance-free moisturizer regularly, taking shorter showers with lukewarm water, and avoiding harsh soaps. Humidifiers can also help add moisture to the air in your home. If the symptoms persist or worsen, let's schedule a follow-up appointment."
45,46,Discussion about sleep difficulties,"Patient: Doctor, I've been having trouble falling asleep and staying asleep at night. What can I do to improve my sleep?

Doctor: Sleep difficulties can have various causes, such as stress or poor sleep habits. I suggest maintaining a consistent sleep schedule, creating a relaxing bedtime routine, avoiding caffeine and electronic devices before bed, and ensuring a comfortable sleep environment. If the sleep issues persist or significantly impact your daily life, we can explore further evaluation and treatment options."
46,47,Addressing occasional heartburn,"Patient: Doctor, I occasionally experience heartburn after certain meals. What can I do to prevent it?

Doctor: Occasional heartburn can be managed by avoiding trigger foods or beverages, eating smaller meals, and not lying down immediately after eating. Over-the-counter antacids can provide temporary relief. If the symptoms become more frequent or bothersome, we can discuss other treatment options and consider further evaluation."
47,48,Concerns about a minor cut,"Patient: Doctor, I accidentally cut my finger while cooking. It's not bleeding heavily, but I'm concerned about infection. What should I do?

Doctor: It's important to clean the wound gently with mild soap and water, and apply an over-the-counter antibiotic ointment. Cover it with a sterile bandage to protect it from dirt and bacteria. Keep an eye out for signs of infection, such as increased pain, redness, or pus. If you notice any concerning signs, please seek medical attention."
48,49,Discussion about a minor backache,"Patient: Doctor, I've been experiencing a dull ache in my lower back. It's not severe, but it's been persistent. What can I do to alleviate it?

Doctor: Lower backaches can be caused by various factors such as muscle strain or poor posture. I recommend trying gentle stretching exercises, applying a warm compress, and practicing good posture. Over-the-counter pain relievers can also help. If the pain persists or worsens, we can explore other possible causes."
49,50,Addressing occasional headaches,"Patient: Doctor, I occasionally experience headaches, especially after a long day at work. What can I do to alleviate them?

Doctor: Occasional headaches can have various causes, including stress, tension, or eye strain. I suggest managing stress levels, practicing relaxation techniques, taking breaks to rest your eyes if you work with screens, and using over-the-counter pain relievers if necessary. If the headaches become more frequent or significantly impact your daily life, we can explore other possible causes."
50,51,Concerns about a minor scrape,"Patient: Doctor, I accidentally scraped my knee while playing sports. It's not bleeding heavily, but I'm worried about infection. What should I do?

Doctor: It's important to clean the scrape gently with mild soap and water to remove any dirt or debris. Apply an over-the-counter antibiotic ointment and cover it with a sterile bandage. Keep an eye on the scrape for signs of infection, such as increased redness, swelling, or pus. If you notice any concerning signs, please seek medical attention."
51,52,Discussion about occasional indigestion,"Patient: Doctor, I occasionally experience indigestion, especially after eating spicy or fatty foods. What can I do to manage it?

Doctor: Occasional indigestion can be managed by avoiding trigger foods, eating smaller meals, and not lying down immediately after eating. Over-the-counter antacids can provide temporary relief. If the symptoms become more frequent or bothersome, we can discuss other treatment options and consider further evaluation."
52,53,Addressing occasional muscle cramps,"Patient: Doctor, I've been experiencing occasional muscle cramps, especially after exercise. Is this something to be concerned about?

Doctor: Occasional muscle cramps can be common, especially after intense exercise. Make sure to stay well-hydrated, stretch before and after physical activity, and consider including foods rich in electrolytes in your diet. If the cramps become frequent, severe, or are accompanied by other concerning symptoms, let's schedule a follow-up appointment."
53,54,Concerns about a minor bee sting,"Patient: Doctor, I got stung by a bee, and the area is swollen and itchy. What should I do?

Doctor: For a minor bee sting, you can start by removing the stinger if it's still embedded and clean the area with soap and water. Applying a cold compress and taking over-the-counter antihistamines can help reduce swelling and relieve itching. If you experience any severe allergic reactions or the symptoms worsen, please seek immediate medical attention."
54,55,Discussion about occasional acid reflux,"Patient: Doctor, I occasionally experience acid reflux, especially after spicy meals. What can I do to prevent it?

Doctor: Occasional acid reflux can be managed by avoiding trigger foods, eating smaller meals, and not lying down immediately after eating. Over-the-counter antacids can provide temporary relief. If the symptoms become more frequent or bothersome, we can discuss other treatment options and consider further evaluation."
55,56,Addressing occasional joint pain,"Patient: Doctor, I've been having occasional joint pain, especially in my knees and fingers. Is this something to be concerned about?

Doctor: Occasional joint pain can be common, especially with age or overuse. Trying gentle exercises, applying warm or cold compresses, and taking over-the-counter pain relievers can help alleviate the discomfort. If the pain becomes more frequent, severe, or is accompanied by other concerning symptoms, let's schedule a follow-up appointment for further evaluation."
56,57,Concerns about a minor insect bite,"Patient: Doctor, I got bitten by an insect, and the area is red and itchy. What should I do?

Doctor: For a minor insect bite, you can start by cleaning the area with soap and water. Applying a cold compress and using over-the-counter anti-itch creams or oral antihistamines can help alleviate the itching. If the bite becomes infected or you experience any severe allergic reactions, please seek immediate medical attention."
57,58,Discussion about occasional acid indigestion,"Patient: Doctor, I occasionally experience acid indigestion, especially after eating fatty foods. What can I do to manage it?

Doctor: Occasional acid indigestion can be managed by avoiding trigger foods, eating smaller meals, and not lying down immediately after eating. Over-the-counter antacids can provide temporary relief. If the symptoms become more frequent or bothersome, we can discuss other treatment options and consider further evaluation."
58,59,Addressing occasional muscle soreness,"Patient: Doctor, I've been experiencing occasional muscle soreness, especially after physical activity. Is this something to be concerned about?

Doctor: Occasional muscle soreness can be common, especially after intense exercise or physical activity. Make sure to warm up and stretch properly before engaging in such activities. Applying a warm compress, taking over-the-counter pain relievers, and getting adequate rest can help alleviate the soreness. If the soreness becomes persistent or severe, let's schedule a follow-up appointment."
59,60,Concerns about a minor sunburn,"Patient: Doctor, I got a minor sunburn, and my skin is red and painful. What should I do?

Doctor: For a minor sunburn, it's important to cool the affected area with cold compresses and take over-the-counter pain relievers if necessary. Applying aloe vera gel or a moisturizing lotion can also help soothe the skin. Avoid further sun exposure and protect the burned area from friction. If the sunburn is severe or shows signs of infection, please seek medical attention."
60,61,Discussion about occasional acid burps,"Patient: Doctor, I occasionally experience acid burps, especially after certain meals. What can I do to manage them?

Doctor: Occasional acid burps can be managed by avoiding trigger foods, eating smaller meals, and not lying down immediately after eating. Over-the-counter antacids can provide temporary relief. If the symptoms become more frequent or bothersome, we can discuss other treatment options and consider further evaluation."
61,62,Addressing occasional muscle twitches,"Patient: Doctor, I've been having occasional muscle twitches, especially in my eyelids and calves. Is this something to be concerned about?

Doctor: Occasional muscle twitches can be common and usually not a cause for concern. Ensure you're well-hydrated and manage stress levels. If the twitches become frequent, persistent, or are accompanied by other concerning symptoms, let's schedule a follow-up appointment for further evaluation."
62,63,Concerns about a minor paper cut,"Patient: Doctor, I have a minor paper cut on my finger, and it's stinging. What should I do?

Doctor: For a minor paper cut, clean the area gently with soap and water. Applying an over-the-counter antibiotic ointment and covering it with a sterile bandage can help prevent infection. If the cut becomes red, swollen, or shows signs of infection, seek medical attention. It's also important to keep the area clean and avoid further trauma."
63,64,Discussion about occasional acid belching,"Patient: Doctor, I occasionally experience acid belching, especially after certain meals. What can I do to manage it?

Doctor: Occasional acid belching can be managed by avoiding trigger foods, eating smaller meals, and not lying down immediately after eating. Over-the-counter antacids can provide temporary relief. If the symptoms become more frequent or bothersome, we can discuss other treatment options and consider further evaluation."
64,65,Addressing occasional muscle cramps,"Patient: Doctor, I've been experiencing occasional muscle cramps, especially after exercise. Is this something to be concerned about?

Doctor: Occasional muscle cramps can be common, especially after intense exercise. Make sure to stay well-hydrated, stretch before and after physical activity, and consider including foods rich in electrolytes in your diet. If the cramps become frequent, severe, or are accompanied by other concerning symptoms, let's schedule a follow-up appointment."
65,66,Concerns about a minor bee sting,"Patient: Doctor, I got stung by a bee, and the area is swollen and itchy. What should I do?

Doctor: For a minor bee sting, you can start by removing the stinger if it's still embedded and clean the area with soap and water. Applying a cold compress and taking over-the-counter antihistamines can help reduce swelling and relieve itching. If you experience any severe allergic reactions or the symptoms worsen, please seek immediate medical attention."
66,67,Discussion about occasional acid reflux,"Patient: Doctor, I occasionally experience acid reflux, especially after spicy meals. What can I do to prevent it?

Doctor: Occasional acid reflux can be managed by avoiding trigger foods, eating smaller meals, and not lying down immediately after eating. Over-the-counter antacids can provide temporary relief. If the symptoms become more frequent or bothersome, we can discuss other treatment options and consider further evaluation."
67,68,Addressing occasional joint pain,"Patient: Doctor, I've been having occasional joint pain, especially in my knees and fingers. Is this something to be concerned about?

Doctor: Occasional joint pain can be common, especially with age or overuse. Trying gentle exercises, applying warm or cold compresses, and taking over-the-counter pain relievers can help alleviate the discomfort. If the pain becomes more frequent, severe, or is accompanied by other concerning symptoms, let's schedule a follow-up appointment for further evaluation."
68,69,Concerns about a minor insect bite,"Patient: Doctor, I got bitten by an insect, and the area is red and itchy. What should I do?

Doctor: For a minor insect bite, you can start by cleaning the area with soap and water. Applying a cold compress and using over-the-counter anti-itch creams or oral antihistamines can help alleviate the itching. If the bite becomes infected or you experience any severe allergic reactions, please seek immediate medical attention."
69,70,Discussion about occasional acid indigestion,"Patient: Doctor, I occasionally experience acid indigestion, especially after eating fatty foods. What can I do to manage it?

Doctor: Occasional acid indigestion can be managed by avoiding trigger foods, eating smaller meals, and not lying down immediately after eating. Over-the-counter antacids can provide temporary relief. If the symptoms become more frequent or bothersome, we can discuss other treatment options and consider further evaluation."
70,71,Addressing occasional muscle soreness,"Patient: Doctor, I've been experiencing occasional muscle soreness, especially after physical activity. Is this something to be concerned about?

Doctor: Occasional muscle soreness can be common, especially after intense exercise or physical activity. Make sure to warm up and stretch properly before engaging in such activities. Applying a warm compress, taking over-the-counter pain relievers, and getting adequate rest can help alleviate the soreness. If the soreness becomes persistent or severe, let's schedule a follow-up appointment."
71,72,Concerns about a minor burn,"Patient: Doctor, I accidentally burned my hand while cooking. It's a minor burn, but it's painful. How should I treat it?

Doctor: Start by rinsing the burn gently with cool water for about 10 minutes to cool the affected area. Apply an over-the-counter burn ointment and cover it with a sterile non-stick dressing. Take over-the-counter pain relievers if necessary. If the burn is severe, shows signs of infection, or doesn't improve within a few days, please come back for a follow-up."
72,73,Discussion about occasional dizziness,"Patient: Doctor, I've been experiencing occasional dizziness, especially when I stand up quickly. Is this something to be concerned about?

Doctor: Occasional dizziness upon standing up quickly can be due to a drop in blood pressure. It's important to stand up slowly and stay hydrated. If the dizziness becomes frequent or is accompanied by other concerning symptoms, let's schedule a follow-up appointment to assess further."
73,74,Addressing a minor eye irritation,"Patient: Doctor, my eye has been feeling irritated and slightly red for the past couple of days. What should I do?

Doctor: It sounds like you may have mild conjunctivitis or eye irritation. Try using over-the-counter lubricating eye drops to soothe the irritation and avoid touching or rubbing the eye. If the symptoms worsen or persist, please schedule a follow-up appointment for a more detailed examination."
74,75,Concerns about dry skin,"Patient: Doctor, I've been having dry and itchy skin, especially during the winter months. What can I do to alleviate it?

Doctor: Dry skin is common, especially in colder months. I recommend using a mild, fragrance-free moisturizer regularly, taking shorter showers with lukewarm water, and avoiding harsh soaps. Humidifiers can also help add moisture to the air in your home. If the symptoms persist or worsen, let's schedule a follow-up appointment."
75,76,Discussion about sleep difficulties,"Patient: Doctor, I've been having trouble falling asleep and staying asleep at night. What can I do to improve my sleep?

Doctor: Sleep difficulties can have various causes, such as stress or poor sleep habits. I suggest maintaining a consistent sleep schedule, creating a relaxing bedtime routine, avoiding caffeine and electronic devices before bed, and ensuring a comfortable sleep environment. If the sleep issues persist or significantly impact your daily life, we can explore further evaluation and treatment options."
76,77,Addressing occasional heartburn,"Patient: Doctor, I occasionally experience heartburn after certain meals. What can I do to prevent it?

Doctor: Occasional heartburn can be managed by avoiding trigger foods or beverages, eating smaller meals, and not lying down immediately after eating. Over-the-counter antacids can provide temporary relief. If the symptoms become more frequent or bothersome, we can discuss other treatment options and consider further evaluation."
77,78,Concerns about a minor cut,"Patient: Doctor, I accidentally cut my finger while cooking. It's not bleeding heavily, but I'm concerned about infection. What should I do?

Doctor: It's important to clean the wound gently with mild soap and water, and apply an over-the-counter antibiotic ointment. Cover it with a sterile bandage to protect it from dirt and bacteria. Keep an eye out for signs of infection, such as increased pain, redness, or pus. If you notice any concerning signs, please seek medical attention."
78,79,Discussion about a minor backache,"Patient: Doctor, I've been experiencing a dull ache in my lower back. It's not severe, but it's been persistent. What can I do to alleviate it?

Doctor: Lower backaches can be caused by various factors such as muscle strain or poor posture. I recommend trying gentle stretching exercises, maintaining good posture, applying a warm compress, and taking over-the-counter pain relievers if necessary. If the pain persists or worsens, we can explore other possible causes."
79,80,Addressing occasional headaches,"Patient: Doctor, I occasionally experience headaches, especially after a long day at work. What can I do to alleviate them?

Doctor: Occasional headaches can have various causes, including stress, tension, or eye strain. I suggest managing stress levels, practicing relaxation techniques, taking breaks to rest your eyes if you work with screens, and using over-the-counter pain relievers if necessary. If the headaches become more frequent or significantly impact your daily life, we can explore other possible causes."
80,81,Concerns about a minor scrape,"Patient: Doctor, I accidentally scraped my knee while playing sports. It's not bleeding heavily, but I'm worried about infection. What should I do?

Doctor: It's important to clean the scrape gently with mild soap and water to remove any dirt or debris. Apply an over-the-counter antibiotic ointment and cover it with a sterile bandage. Keep an eye on the scrape for signs of infection, such as increased redness, swelling, or pus. If you notice any concerning signs, please seek medical attention."
81,82,Discussion about occasional indigestion,"Patient: Doctor, I occasionally experience indigestion, especially after eating spicy or fatty foods. What can I do to manage it?

Doctor: Occasional indigestion can be managed by avoiding trigger foods, eating smaller meals, and not lying down immediately after eating. Over-the-counter antacids can provide temporary relief. If the symptoms become more frequent or bothersome, we can discuss other treatment options and consider further evaluation."
82,83,Addressing occasional muscle cramps,"Patient: Doctor, I've been experiencing occasional muscle cramps, especially after exercise. Is this something to be concerned about?

Doctor: Occasional muscle cramps can be common, especially after intense exercise. Make sure to stay well-hydrated, stretch before and after physical activity, and consider including foods rich in electrolytes in your diet. If the cramps become frequent, severe, or are accompanied by other concerning symptoms, let's schedule a follow-up appointment."
83,84,Concerns about a minor bee sting,"Patient: Doctor, I got stung by a bee, and the area is swollen and itchy. What should I do?

Doctor: For a minor bee sting, you can start by removing the stinger if it's still embedded and clean the area with soap and water. Applying a cold compress and taking over-the-counter antihistamines can help reduce swelling and relieve itching. If you experience any severe allergic reactions or the symptoms worsen, please seek immediate medical attention."
84,85,Discussion about occasional acid reflux,"Patient: Doctor, I occasionally experience acid reflux, especially after spicy meals. What can I do to prevent it?

Doctor: Occasional acid reflux can be managed by avoiding trigger foods, eating smaller meals, and not lying down immediately after eating. Over-the-counter antacids can provide temporary relief. If the symptoms become more frequent or bothersome, we can discuss other treatment options and consider further evaluation."
85,86,Addressing occasional joint pain,"Patient: Doctor, I've been having occasional joint pain, especially in my knees and fingers. Is this something to be concerned about?

Doctor: Occasional joint pain can be common, especially with age or overuse. Trying gentle exercises, applying warm or cold compresses, and taking over-the-counter pain relievers can help alleviate the discomfort. If the pain becomes more frequent, severe, or is accompanied by other concerning symptoms, let's schedule a follow-up appointment for further evaluation."
86,87,Concerns about a minor insect bite,"Patient: Doctor, I got bitten by an insect, and the area is red and itchy. What should I do?

Doctor: For a minor insect bite, you can start by cleaning the area with soap and water. Applying a cold compress and using over-the-counter anti-itch creams or oral antihistamines can help alleviate the itching. If the bite becomes infected or you experience any severe allergic reactions, please seek immediate medical attention."
87,88,Discussion about occasional acid indigestion,"Patient: Doctor, I occasionally experience acid indigestion, especially after eating fatty foods. What can I do to manage it?

Doctor: Occasional acid indigestion can be managed by avoiding trigger foods, eating smaller meals, and not lying down immediately after eating. Over-the-counter antacids can provide temporary relief. If the symptoms become more frequent or bothersome, we can discuss other treatment options and consider further evaluation."
88,89,Addressing occasional muscle soreness,"Patient: Doctor, I've been experiencing occasional muscle soreness, especially after physical activity. Is this something to be concerned about?

Doctor: Occasional muscle soreness can be common, especially after intense exercise or physical activity. Make sure to warm up and stretch properly before engaging in such activities. Applying a warm compress, taking over-the-counter pain relievers, and getting adequate rest can help alleviate the soreness. If the soreness becomes persistent or severe, let's schedule a follow-up appointment."
89,90,Concerns about a minor sunburn,"Patient: Doctor, I got a minor sunburn, and my skin is red and painful. What should I do?

Doctor: For a minor sunburn, it's important to cool the affected area with cold compresses and take over-the-counter pain relievers if necessary. Applying aloe vera gel or a moisturizing lotion can also help soothe the skin. Avoid further sun exposure and protect the burned area from friction. If the sunburn is severe or shows signs of infection, please seek medical attention."
90,91,Discussion about occasional acid burps,"Patient: Doctor, I occasionally experience acid burps, especially after certain meals. What can I do to manage them?

Doctor: Occasional acid burps can be managed by avoiding trigger foods, eating smaller meals, and not lying down immediately after eating. Over-the-counter antacids can provide temporary relief. If the symptoms become more frequent or bothersome, we can discuss other treatment options and consider further evaluation."
91,92,Addressing occasional muscle twitches,"Patient: Doctor, I've been having occasional muscle twitches, especially in my eyelids and calves. Is this something to be concerned about?

Doctor: Occasional muscle twitches can be common and usually not a cause for concern. Ensure you're well-hydrated and manage stress levels. If the twitches become frequent, persistent, or are accompanied by other concerning symptoms, let's schedule a follow-up appointment for further evaluation."
92,93,Concerns about a minor paper cut,"Patient: Doctor, I have a minor paper cut on my finger, and it's stinging. What should I do?

Doctor: For a minor paper cut, clean the area gently with soap and water. Applying an over-the-counter antibiotic ointment and covering it with a sterile bandage can help prevent infection. If the cut becomes red, swollen, or shows signs of infection, seek medical attention. It's also important to keep the area clean and avoid further trauma."
93,94,Discussion about occasional acid belching,"Patient: Doctor, I occasionally experience acid belching, especially after certain meals. What can I do to manage it?

Doctor: Occasional acid belching can be managed by avoiding trigger foods, eating smaller meals, and not lying down immediately after eating. Over-the-counter antacids can provide temporary relief. If the symptoms become more frequent or bothersome, we can discuss other treatment options and consider further evaluation."
94,95,Addressing occasional muscle cramps,"Patient: Doctor, I've been experiencing occasional muscle cramps, especially after exercise. Is this something to be concerned about?

Doctor: Occasional muscle cramps can be common, especially after intense exercise. Make sure to stay well-hydrated, stretch before and after physical activity, and consider including foods rich in electrolytes in your diet. If the cramps become frequent, severe, or are accompanied by other concerning symptoms, let's schedule a follow-up appointment."
95,96,Concerns about a minor bee sting,"Patient: Doctor, I got stung by a bee, and the area is swollen and itchy. What should I do?

Doctor: For a minor bee sting, you can start by removing the stinger if it's still embedded and clean the area with soap and water. Applying a cold compress and taking over-the-counter antihistamines can help reduce swelling and relieve itching. If you experience any severe allergic reactions or the symptoms worsen, please seek immediate medical attention."
96,97,Discussion about occasional acid reflux,"Patient: Doctor, I occasionally experience acid reflux, especially after spicy meals. What can I do to prevent it?

Doctor: Occasional acid reflux can be managed by avoiding trigger foods, eating smaller meals, and not lying down immediately after eating. Over-the-counter antacids can provide temporary relief. If the symptoms become more frequent or bothersome, we can discuss other treatment options and consider further evaluation."
97,98,Addressing occasional joint pain,"Patient: Doctor, I've been having occasional joint pain, especially in my knees and fingers. Is this something to be concerned about?

Doctor: Occasional joint pain can be common, especially with age or overuse. Trying gentle exercises, applying warm or cold compresses, and taking over-the-counter pain relievers can help alleviate the discomfort. If the pain becomes more frequent, severe, or is accompanied by other concerning symptoms, let's schedule a follow-up appointment for further evaluation."
98,99,Concerns about a minor insect bite,"Patient: Doctor, I got bitten by an insect, and the area is red and itchy. What should I do?

Doctor: For a minor insect bite, you can start by cleaning the area with soap and water. Applying a cold compress and using over-the-counter anti-itch creams or oral antihistamines can help alleviate the itching. If the bite becomes infected or you experience any severe allergic reactions, please seek immediate medical attention."
99,100,Discussion about occasional acid indigestion,"Patient: Doctor, I occasionally experience acid indigestion, especially after eating fatty foods. What can I do to manage it?

Doctor: Occasional acid indigestion can be managed by avoiding trigger foods, eating smaller meals, and not lying down immediately after eating. Over-the-counter antacids can provide temporary relief. If the symptoms become more frequent or bothersome, we can discuss other treatment options and consider further evaluation."
